EventIndex,caseID,event time:timestamp,event concept:name,eventID ,case Sub spend area text,case Item Category,case Name,case Goods Receipt,event org:resource
8312,4507032479 1,2018-05-29 23:30:00,Record Service Entry Sheet,475000000000000.0,Road Packed,"3-way match, invoice after GR",vendor_0229,True,NONE
8321,4507032479 1,2018-05-29 23:30:00,Record Service Entry Sheet,475000000000000.0,Road Packed,"3-way match, invoice after GR",vendor_0229,True,NONE
8319,4507032479 1,2018-05-29 23:30:00,Record Service Entry Sheet,475000000000000.0,Road Packed,"3-way match, invoice after GR",vendor_0229,True,NONE
8318,4507032479 1,2018-05-29 23:30:00,Create Purchase Order Item,475000000000000.0,Road Packed,"3-way match, invoice after GR",vendor_0229,True,batch_02
8317,4507032479 1,2018-05-29 23:30:00,Record Service Entry Sheet,475000000000000.0,Road Packed,"3-way match, invoice after GR",vendor_0229,True,NONE
8320,4507032479 1,2018-05-29 23:30:00,Record Service Entry Sheet,475000000000000.0,Road Packed,"3-way match, invoice after GR",vendor_0229,True,NONE
8315,4507032479 1,2018-05-29 23:30:00,Record Service Entry Sheet,475000000000000.0,Road Packed,"3-way match, invoice after GR",vendor_0229,True,NONE
8314,4507032479 1,2018-05-29 23:30:00,Record Service Entry Sheet,475000000000000.0,Road Packed,"3-way match, invoice after GR",vendor_0229,True,NONE
8313,4507032479 1,2018-05-29 23:30:00,Record Service Entry Sheet,475000000000000.0,Road Packed,"3-way match, invoice after GR",vendor_0229,True,NONE
8316,4507032479 1,2018-05-29 23:30:00,Record Service Entry Sheet,475000000000000.0,Road Packed,"3-way match, invoice after GR",vendor_0229,True,NONE
8346,4507032479 1,2018-05-29 23:31:00,Record Service Entry Sheet,475000000000000.0,Road Packed,"3-way match, invoice after GR",vendor_0229,True,NONE
8341,4507032479 1,2018-05-29 23:31:00,Record Service Entry Sheet,475000000000000.0,Road Packed,"3-way match, invoice after GR",vendor_0229,True,NONE
8342,4507032479 1,2018-05-29 23:31:00,Record Service Entry Sheet,475000000000000.0,Road Packed,"3-way match, invoice after GR",vendor_0229,True,NONE
8343,4507032479 1,2018-05-29 23:31:00,Record Service Entry Sheet,475000000000000.0,Road Packed,"3-way match, invoice after GR",vendor_0229,True,NONE
8344,4507032479 1,2018-05-29 23:31:00,Record Service Entry Sheet,475000000000000.0,Road Packed,"3-way match, invoice after GR",vendor_0229,True,NONE
8345,4507032479 1,2018-05-29 23:31:00,Record Service Entry Sheet,475000000000000.0,Road Packed,"3-way match, invoice after GR",vendor_0229,True,NONE
8347,4507032479 1,2018-05-29 23:31:00,Record Service Entry Sheet,475000000000000.0,Road Packed,"3-way match, invoice after GR",vendor_0229,True,NONE
8352,4507032479 1,2018-05-29 23:31:00,Record Service Entry Sheet,475000000000000.0,Road Packed,"3-way match, invoice after GR",vendor_0229,True,NONE
8349,4507032479 1,2018-05-29 23:31:00,Record Service Entry Sheet,475000000000000.0,Road Packed,"3-way match, invoice after GR",vendor_0229,True,NONE
8350,4507032479 1,2018-05-29 23:31:00,Record Service Entry Sheet,475000000000000.0,Road Packed,"3-way match, invoice after GR",vendor_0229,True,NONE
8351,4507032479 1,2018-05-29 23:31:00,Record Service Entry Sheet,475000000000000.0,Road Packed,"3-way match, invoice after GR",vendor_0229,True,NONE
8340,4507032479 1,2018-05-29 23:31:00,Record Service Entry Sheet,475000000000000.0,Road Packed,"3-way match, invoice after GR",vendor_0229,True,NONE
8353,4507032479 1,2018-05-29 23:31:00,Record Service Entry Sheet,475000000000000.0,Road Packed,"3-way match, invoice after GR",vendor_0229,True,NONE
8354,4507032479 1,2018-05-29 23:31:00,Record Service Entry Sheet,475000000000000.0,Road Packed,"3-way match, invoice after GR",vendor_0229,True,NONE
8356,4507032479 1,2018-05-29 23:31:00,Record Service Entry Sheet,475000000000000.0,Road Packed,"3-way match, invoice after GR",vendor_0229,True,NONE
8348,4507032479 1,2018-05-29 23:31:00,Record Service Entry Sheet,475000000000000.0,Road Packed,"3-way match, invoice after GR",vendor_0229,True,NONE
8339,4507032479 1,2018-05-29 23:31:00,Record Service Entry Sheet,475000000000000.0,Road Packed,"3-way match, invoice after GR",vendor_0229,True,NONE
8355,4507032479 1,2018-05-29 23:31:00,Record Service Entry Sheet,475000000000000.0,Road Packed,"3-way match, invoice after GR",vendor_0229,True,NONE
8337,4507032479 1,2018-05-29 23:31:00,Record Service Entry Sheet,475000000000000.0,Road Packed,"3-way match, invoice after GR",vendor_0229,True,NONE
8338,4507032479 1,2018-05-29 23:31:00,Record Service Entry Sheet,475000000000000.0,Road Packed,"3-way match, invoice after GR",vendor_0229,True,NONE
8323,4507032479 1,2018-05-29 23:31:00,Record Service Entry Sheet,475000000000000.0,Road Packed,"3-way match, invoice after GR",vendor_0229,True,NONE
8324,4507032479 1,2018-05-29 23:31:00,Record Service Entry Sheet,475000000000000.0,Road Packed,"3-way match, invoice after GR",vendor_0229,True,NONE
8325,4507032479 1,2018-05-29 23:31:00,Record Service Entry Sheet,475000000000000.0,Road Packed,"3-way match, invoice after GR",vendor_0229,True,NONE
8326,4507032479 1,2018-05-29 23:31:00,Record Service Entry Sheet,475000000000000.0,Road Packed,"3-way match, invoice after GR",vendor_0229,True,NONE
8327,4507032479 1,2018-05-29 23:31:00,Record Service Entry Sheet,475000000000000.0,Road Packed,"3-way match, invoice after GR",vendor_0229,True,NONE
8328,4507032479 1,2018-05-29 23:31:00,Record Service Entry Sheet,475000000000000.0,Road Packed,"3-way match, invoice after GR",vendor_0229,True,NONE
8322,4507032479 1,2018-05-29 23:31:00,Record Service Entry Sheet,475000000000000.0,Road Packed,"3-way match, invoice after GR",vendor_0229,True,NONE
8330,4507032479 1,2018-05-29 23:31:00,Record Service Entry Sheet,475000000000000.0,Road Packed,"3-way match, invoice after GR",vendor_0229,True,NONE
8331,4507032479 1,2018-05-29 23:31:00,Record Service Entry Sheet,475000000000000.0,Road Packed,"3-way match, invoice after GR",vendor_0229,True,NONE
8332,4507032479 1,2018-05-29 23:31:00,Record Service Entry Sheet,475000000000000.0,Road Packed,"3-way match, invoice after GR",vendor_0229,True,NONE
8333,4507032479 1,2018-05-29 23:31:00,Record Service Entry Sheet,475000000000000.0,Road Packed,"3-way match, invoice after GR",vendor_0229,True,NONE
8334,4507032479 1,2018-05-29 23:31:00,Record Service Entry Sheet,475000000000000.0,Road Packed,"3-way match, invoice after GR",vendor_0229,True,NONE
8335,4507032479 1,2018-05-29 23:31:00,Record Service Entry Sheet,475000000000000.0,Road Packed,"3-way match, invoice after GR",vendor_0229,True,NONE
8336,4507032479 1,2018-05-29 23:31:00,Record Service Entry Sheet,475000000000000.0,Road Packed,"3-way match, invoice after GR",vendor_0229,True,NONE
8329,4507032479 1,2018-05-29 23:31:00,Record Service Entry Sheet,475000000000000.0,Road Packed,"3-way match, invoice after GR",vendor_0229,True,NONE
8362,4507032479 1,2018-05-29 23:32:00,Record Service Entry Sheet,475000000000000.0,Road Packed,"3-way match, invoice after GR",vendor_0229,True,NONE
8360,4507032479 1,2018-05-29 23:32:00,Record Goods Receipt,475000000000000.0,Road Packed,"3-way match, invoice after GR",vendor_0229,True,batch_02
8361,4507032479 1,2018-05-29 23:32:00,Record Service Entry Sheet,475000000000000.0,Road Packed,"3-way match, invoice after GR",vendor_0229,True,NONE
8358,4507032479 1,2018-05-29 23:32:00,Record Service Entry Sheet,475000000000000.0,Road Packed,"3-way match, invoice after GR",vendor_0229,True,NONE
8357,4507032479 1,2018-05-29 23:32:00,Record Service Entry Sheet,475000000000000.0,Road Packed,"3-way match, invoice after GR",vendor_0229,True,NONE
8359,4507032479 1,2018-05-29 23:32:00,Record Service Entry Sheet,475000000000000.0,Road Packed,"3-way match, invoice after GR",vendor_0229,True,NONE
8376,4507032479 1,2018-05-29 23:35:00,Record Service Entry Sheet,475000000000000.0,Road Packed,"3-way match, invoice after GR",vendor_0229,True,NONE
8384,4507032479 1,2018-05-29 23:35:00,Record Service Entry Sheet,475000000000000.0,Road Packed,"3-way match, invoice after GR",vendor_0229,True,NONE
8383,4507032479 1,2018-05-29 23:35:00,Record Service Entry Sheet,475000000000000.0,Road Packed,"3-way match, invoice after GR",vendor_0229,True,NONE
8382,4507032479 1,2018-05-29 23:35:00,Record Service Entry Sheet,475000000000000.0,Road Packed,"3-way match, invoice after GR",vendor_0229,True,NONE
8381,4507032479 1,2018-05-29 23:35:00,Record Service Entry Sheet,475000000000000.0,Road Packed,"3-way match, invoice after GR",vendor_0229,True,NONE
8380,4507032479 1,2018-05-29 23:35:00,Record Service Entry Sheet,475000000000000.0,Road Packed,"3-way match, invoice after GR",vendor_0229,True,NONE
8379,4507032479 1,2018-05-29 23:35:00,Record Service Entry Sheet,475000000000000.0,Road Packed,"3-way match, invoice after GR",vendor_0229,True,NONE
8385,4507032479 1,2018-05-29 23:35:00,Record Service Entry Sheet,475000000000000.0,Road Packed,"3-way match, invoice after GR",vendor_0229,True,NONE
8378,4507032479 1,2018-05-29 23:35:00,Record Service Entry Sheet,475000000000000.0,Road Packed,"3-way match, invoice after GR",vendor_0229,True,NONE
8377,4507032479 1,2018-05-29 23:35:00,Record Service Entry Sheet,475000000000000.0,Road Packed,"3-way match, invoice after GR",vendor_0229,True,NONE
8375,4507032479 1,2018-05-29 23:35:00,Record Service Entry Sheet,475000000000000.0,Road Packed,"3-way match, invoice after GR",vendor_0229,True,NONE
8369,4507032479 1,2018-05-29 23:35:00,Record Service Entry Sheet,475000000000000.0,Road Packed,"3-way match, invoice after GR",vendor_0229,True,NONE
8373,4507032479 1,2018-05-29 23:35:00,Record Service Entry Sheet,475000000000000.0,Road Packed,"3-way match, invoice after GR",vendor_0229,True,NONE
8372,4507032479 1,2018-05-29 23:35:00,Record Service Entry Sheet,475000000000000.0,Road Packed,"3-way match, invoice after GR",vendor_0229,True,NONE
8371,4507032479 1,2018-05-29 23:35:00,Record Service Entry Sheet,475000000000000.0,Road Packed,"3-way match, invoice after GR",vendor_0229,True,NONE
8370,4507032479 1,2018-05-29 23:35:00,Record Service Entry Sheet,475000000000000.0,Road Packed,"3-way match, invoice after GR",vendor_0229,True,NONE
8368,4507032479 1,2018-05-29 23:35:00,Record Service Entry Sheet,475000000000000.0,Road Packed,"3-way match, invoice after GR",vendor_0229,True,NONE
8367,4507032479 1,2018-05-29 23:35:00,Record Service Entry Sheet,475000000000000.0,Road Packed,"3-way match, invoice after GR",vendor_0229,True,NONE
8366,4507032479 1,2018-05-29 23:35:00,Record Service Entry Sheet,475000000000000.0,Road Packed,"3-way match, invoice after GR",vendor_0229,True,NONE
8365,4507032479 1,2018-05-29 23:35:00,Record Service Entry Sheet,475000000000000.0,Road Packed,"3-way match, invoice after GR",vendor_0229,True,NONE
8364,4507032479 1,2018-05-29 23:35:00,Record Service Entry Sheet,475000000000000.0,Road Packed,"3-way match, invoice after GR",vendor_0229,True,NONE
8363,4507032479 1,2018-05-29 23:35:00,Record Service Entry Sheet,475000000000000.0,Road Packed,"3-way match, invoice after GR",vendor_0229,True,NONE
8374,4507032479 1,2018-05-29 23:35:00,Record Service Entry Sheet,475000000000000.0,Road Packed,"3-way match, invoice after GR",vendor_0229,True,NONE
8402,4507032479 1,2018-05-29 23:36:00,Record Service Entry Sheet,475000000000000.0,Road Packed,"3-way match, invoice after GR",vendor_0229,True,NONE
8403,4507032479 1,2018-05-29 23:36:00,Record Service Entry Sheet,475000000000000.0,Road Packed,"3-way match, invoice after GR",vendor_0229,True,NONE
8404,4507032479 1,2018-05-29 23:36:00,Record Service Entry Sheet,475000000000000.0,Road Packed,"3-way match, invoice after GR",vendor_0229,True,NONE
8405,4507032479 1,2018-05-29 23:36:00,Record Service Entry Sheet,475000000000000.0,Road Packed,"3-way match, invoice after GR",vendor_0229,True,NONE
8407,4507032479 1,2018-05-29 23:36:00,Record Service Entry Sheet,475000000000000.0,Road Packed,"3-way match, invoice after GR",vendor_0229,True,NONE
8413,4507032479 1,2018-05-29 23:36:00,Record Service Entry Sheet,475000000000000.0,Road Packed,"3-way match, invoice after GR",vendor_0229,True,NONE
8409,4507032479 1,2018-05-29 23:36:00,Record Service Entry Sheet,475000000000000.0,Road Packed,"3-way match, invoice after GR",vendor_0229,True,NONE
8410,4507032479 1,2018-05-29 23:36:00,Record Service Entry Sheet,475000000000000.0,Road Packed,"3-way match, invoice after GR",vendor_0229,True,NONE
8411,4507032479 1,2018-05-29 23:36:00,Record Goods Receipt,475000000000000.0,Road Packed,"3-way match, invoice after GR",vendor_0229,True,batch_02
8412,4507032479 1,2018-05-29 23:36:00,Record Service Entry Sheet,475000000000000.0,Road Packed,"3-way match, invoice after GR",vendor_0229,True,NONE
8401,4507032479 1,2018-05-29 23:36:00,Record Service Entry Sheet,475000000000000.0,Road Packed,"3-way match, invoice after GR",vendor_0229,True,NONE
8408,4507032479 1,2018-05-29 23:36:00,Record Service Entry Sheet,475000000000000.0,Road Packed,"3-way match, invoice after GR",vendor_0229,True,NONE
8400,4507032479 1,2018-05-29 23:36:00,Record Service Entry Sheet,475000000000000.0,Road Packed,"3-way match, invoice after GR",vendor_0229,True,NONE
8406,4507032479 1,2018-05-29 23:36:00,Record Service Entry Sheet,475000000000000.0,Road Packed,"3-way match, invoice after GR",vendor_0229,True,NONE
8398,4507032479 1,2018-05-29 23:36:00,Record Service Entry Sheet,475000000000000.0,Road Packed,"3-way match, invoice after GR",vendor_0229,True,NONE
8399,4507032479 1,2018-05-29 23:36:00,Record Service Entry Sheet,475000000000000.0,Road Packed,"3-way match, invoice after GR",vendor_0229,True,NONE
8387,4507032479 1,2018-05-29 23:36:00,Record Service Entry Sheet,475000000000000.0,Road Packed,"3-way match, invoice after GR",vendor_0229,True,NONE
8388,4507032479 1,2018-05-29 23:36:00,Record Service Entry Sheet,475000000000000.0,Road Packed,"3-way match, invoice after GR",vendor_0229,True,NONE
8389,4507032479 1,2018-05-29 23:36:00,Record Service Entry Sheet,475000000000000.0,Road Packed,"3-way match, invoice after GR",vendor_0229,True,NONE
8390,4507032479 1,2018-05-29 23:36:00,Record Service Entry Sheet,475000000000000.0,Road Packed,"3-way match, invoice after GR",vendor_0229,True,NONE
8391,4507032479 1,2018-05-29 23:36:00,Record Service Entry Sheet,475000000000000.0,Road Packed,"3-way match, invoice after GR",vendor_0229,True,NONE
8386,4507032479 1,2018-05-29 23:36:00,Record Service Entry Sheet,475000000000000.0,Road Packed,"3-way match, invoice after GR",vendor_0229,True,NONE
8393,4507032479 1,2018-05-29 23:36:00,Record Service Entry Sheet,475000000000000.0,Road Packed,"3-way match, invoice after GR",vendor_0229,True,NONE
8394,4507032479 1,2018-05-29 23:36:00,Record Service Entry Sheet,475000000000000.0,Road Packed,"3-way match, invoice after GR",vendor_0229,True,NONE
8395,4507032479 1,2018-05-29 23:36:00,Record Service Entry Sheet,475000000000000.0,Road Packed,"3-way match, invoice after GR",vendor_0229,True,NONE
8396,4507032479 1,2018-05-29 23:36:00,Record Service Entry Sheet,475000000000000.0,Road Packed,"3-way match, invoice after GR",vendor_0229,True,NONE
8397,4507032479 1,2018-05-29 23:36:00,Record Service Entry Sheet,475000000000000.0,Road Packed,"3-way match, invoice after GR",vendor_0229,True,NONE
8392,4507032479 1,2018-05-29 23:36:00,Record Service Entry Sheet,475000000000000.0,Road Packed,"3-way match, invoice after GR",vendor_0229,True,NONE
8442,4507032479 1,2018-05-29 23:41:00,Record Service Entry Sheet,475000000000000.0,Road Packed,"3-way match, invoice after GR",vendor_0229,True,NONE
8431,4507032479 1,2018-05-29 23:41:00,Record Service Entry Sheet,475000000000000.0,Road Packed,"3-way match, invoice after GR",vendor_0229,True,NONE
8432,4507032479 1,2018-05-29 23:41:00,Record Service Entry Sheet,475000000000000.0,Road Packed,"3-way match, invoice after GR",vendor_0229,True,NONE
8433,4507032479 1,2018-05-29 23:41:00,Record Service Entry Sheet,475000000000000.0,Road Packed,"3-way match, invoice after GR",vendor_0229,True,NONE
8434,4507032479 1,2018-05-29 23:41:00,Record Service Entry Sheet,475000000000000.0,Road Packed,"3-way match, invoice after GR",vendor_0229,True,NONE
8435,4507032479 1,2018-05-29 23:41:00,Record Service Entry Sheet,475000000000000.0,Road Packed,"3-way match, invoice after GR",vendor_0229,True,NONE
8438,4507032479 1,2018-05-29 23:41:00,Record Service Entry Sheet,475000000000000.0,Road Packed,"3-way match, invoice after GR",vendor_0229,True,NONE
8437,4507032479 1,2018-05-29 23:41:00,Record Service Entry Sheet,475000000000000.0,Road Packed,"3-way match, invoice after GR",vendor_0229,True,NONE
8439,4507032479 1,2018-05-29 23:41:00,Record Service Entry Sheet,475000000000000.0,Road Packed,"3-way match, invoice after GR",vendor_0229,True,NONE
8440,4507032479 1,2018-05-29 23:41:00,Record Service Entry Sheet,475000000000000.0,Road Packed,"3-way match, invoice after GR",vendor_0229,True,NONE
8441,4507032479 1,2018-05-29 23:41:00,Record Service Entry Sheet,475000000000000.0,Road Packed,"3-way match, invoice after GR",vendor_0229,True,NONE
8430,4507032479 1,2018-05-29 23:41:00,Record Service Entry Sheet,475000000000000.0,Road Packed,"3-way match, invoice after GR",vendor_0229,True,NONE
8436,4507032479 1,2018-05-29 23:41:00,Record Service Entry Sheet,475000000000000.0,Road Packed,"3-way match, invoice after GR",vendor_0229,True,NONE
8429,4507032479 1,2018-05-29 23:41:00,Record Service Entry Sheet,475000000000000.0,Road Packed,"3-way match, invoice after GR",vendor_0229,True,NONE
8425,4507032479 1,2018-05-29 23:41:00,Record Service Entry Sheet,475000000000000.0,Road Packed,"3-way match, invoice after GR",vendor_0229,True,NONE
8427,4507032479 1,2018-05-29 23:41:00,Record Service Entry Sheet,475000000000000.0,Road Packed,"3-way match, invoice after GR",vendor_0229,True,NONE
8414,4507032479 1,2018-05-29 23:41:00,Record Service Entry Sheet,475000000000000.0,Road Packed,"3-way match, invoice after GR",vendor_0229,True,NONE
8428,4507032479 1,2018-05-29 23:41:00,Record Service Entry Sheet,475000000000000.0,Road Packed,"3-way match, invoice after GR",vendor_0229,True,NONE
8416,4507032479 1,2018-05-29 23:41:00,Record Service Entry Sheet,475000000000000.0,Road Packed,"3-way match, invoice after GR",vendor_0229,True,NONE
8417,4507032479 1,2018-05-29 23:41:00,Record Service Entry Sheet,475000000000000.0,Road Packed,"3-way match, invoice after GR",vendor_0229,True,NONE
8418,4507032479 1,2018-05-29 23:41:00,Record Service Entry Sheet,475000000000000.0,Road Packed,"3-way match, invoice after GR",vendor_0229,True,NONE
8419,4507032479 1,2018-05-29 23:41:00,Record Service Entry Sheet,475000000000000.0,Road Packed,"3-way match, invoice after GR",vendor_0229,True,NONE
8415,4507032479 1,2018-05-29 23:41:00,Record Service Entry Sheet,475000000000000.0,Road Packed,"3-way match, invoice after GR",vendor_0229,True,NONE
8421,4507032479 1,2018-05-29 23:41:00,Record Service Entry Sheet,475000000000000.0,Road Packed,"3-way match, invoice after GR",vendor_0229,True,NONE
8422,4507032479 1,2018-05-29 23:41:00,Record Service Entry Sheet,475000000000000.0,Road Packed,"3-way match, invoice after GR",vendor_0229,True,NONE
8423,4507032479 1,2018-05-29 23:41:00,Record Service Entry Sheet,475000000000000.0,Road Packed,"3-way match, invoice after GR",vendor_0229,True,NONE
8424,4507032479 1,2018-05-29 23:41:00,Record Service Entry Sheet,475000000000000.0,Road Packed,"3-way match, invoice after GR",vendor_0229,True,NONE
8426,4507032479 1,2018-05-29 23:41:00,Record Service Entry Sheet,475000000000000.0,Road Packed,"3-way match, invoice after GR",vendor_0229,True,NONE
8420,4507032479 1,2018-05-29 23:41:00,Record Service Entry Sheet,475000000000000.0,Road Packed,"3-way match, invoice after GR",vendor_0229,True,NONE
8461,4507032479 1,2018-05-29 23:42:00,Record Service Entry Sheet,475000000000000.0,Road Packed,"3-way match, invoice after GR",vendor_0229,True,NONE
8460,4507032479 1,2018-05-29 23:42:00,Record Service Entry Sheet,475000000000000.0,Road Packed,"3-way match, invoice after GR",vendor_0229,True,NONE
8459,4507032479 1,2018-05-29 23:42:00,Record Service Entry Sheet,475000000000000.0,Road Packed,"3-way match, invoice after GR",vendor_0229,True,NONE
8458,4507032479 1,2018-05-29 23:42:00,Record Service Entry Sheet,475000000000000.0,Road Packed,"3-way match, invoice after GR",vendor_0229,True,NONE
8457,4507032479 1,2018-05-29 23:42:00,Record Service Entry Sheet,475000000000000.0,Road Packed,"3-way match, invoice after GR",vendor_0229,True,NONE
8456,4507032479 1,2018-05-29 23:42:00,Record Service Entry Sheet,475000000000000.0,Road Packed,"3-way match, invoice after GR",vendor_0229,True,NONE
8455,4507032479 1,2018-05-29 23:42:00,Record Service Entry Sheet,475000000000000.0,Road Packed,"3-way match, invoice after GR",vendor_0229,True,NONE
8454,4507032479 1,2018-05-29 23:42:00,Record Service Entry Sheet,475000000000000.0,Road Packed,"3-way match, invoice after GR",vendor_0229,True,NONE
8453,4507032479 1,2018-05-29 23:42:00,Record Service Entry Sheet,475000000000000.0,Road Packed,"3-way match, invoice after GR",vendor_0229,True,NONE
8450,4507032479 1,2018-05-29 23:42:00,Record Service Entry Sheet,475000000000000.0,Road Packed,"3-way match, invoice after GR",vendor_0229,True,NONE
8451,4507032479 1,2018-05-29 23:42:00,Record Service Entry Sheet,475000000000000.0,Road Packed,"3-way match, invoice after GR",vendor_0229,True,NONE
8449,4507032479 1,2018-05-29 23:42:00,Record Service Entry Sheet,475000000000000.0,Road Packed,"3-way match, invoice after GR",vendor_0229,True,NONE
8448,4507032479 1,2018-05-29 23:42:00,Record Service Entry Sheet,475000000000000.0,Road Packed,"3-way match, invoice after GR",vendor_0229,True,NONE
8447,4507032479 1,2018-05-29 23:42:00,Record Service Entry Sheet,475000000000000.0,Road Packed,"3-way match, invoice after GR",vendor_0229,True,NONE
8446,4507032479 1,2018-05-29 23:42:00,Record Service Entry Sheet,475000000000000.0,Road Packed,"3-way match, invoice after GR",vendor_0229,True,NONE
8445,4507032479 1,2018-05-29 23:42:00,Record Service Entry Sheet,475000000000000.0,Road Packed,"3-way match, invoice after GR",vendor_0229,True,NONE
8444,4507032479 1,2018-05-29 23:42:00,Record Goods Receipt,475000000000000.0,Road Packed,"3-way match, invoice after GR",vendor_0229,True,batch_02
8443,4507032479 1,2018-05-29 23:42:00,Record Service Entry Sheet,475000000000000.0,Road Packed,"3-way match, invoice after GR",vendor_0229,True,NONE
8452,4507032479 1,2018-05-29 23:42:00,Record Service Entry Sheet,475000000000000.0,Road Packed,"3-way match, invoice after GR",vendor_0229,True,NONE
8475,4507032479 1,2018-05-29 23:49:00,Record Service Entry Sheet,475000000000000.0,Road Packed,"3-way match, invoice after GR",vendor_0229,True,NONE
8476,4507032479 1,2018-05-29 23:49:00,Record Service Entry Sheet,475000000000000.0,Road Packed,"3-way match, invoice after GR",vendor_0229,True,NONE
8478,4507032479 1,2018-05-29 23:49:00,Record Service Entry Sheet,475000000000000.0,Road Packed,"3-way match, invoice after GR",vendor_0229,True,NONE
8482,4507032479 1,2018-05-29 23:49:00,Record Service Entry Sheet,475000000000000.0,Road Packed,"3-way match, invoice after GR",vendor_0229,True,NONE
8480,4507032479 1,2018-05-29 23:49:00,Record Service Entry Sheet,475000000000000.0,Road Packed,"3-way match, invoice after GR",vendor_0229,True,NONE
8481,4507032479 1,2018-05-29 23:49:00,Record Service Entry Sheet,475000000000000.0,Road Packed,"3-way match, invoice after GR",vendor_0229,True,NONE
8474,4507032479 1,2018-05-29 23:49:00,Record Service Entry Sheet,475000000000000.0,Road Packed,"3-way match, invoice after GR",vendor_0229,True,NONE
8483,4507032479 1,2018-05-29 23:49:00,Record Service Entry Sheet,475000000000000.0,Road Packed,"3-way match, invoice after GR",vendor_0229,True,NONE
8479,4507032479 1,2018-05-29 23:49:00,Record Service Entry Sheet,475000000000000.0,Road Packed,"3-way match, invoice after GR",vendor_0229,True,NONE
8473,4507032479 1,2018-05-29 23:49:00,Record Service Entry Sheet,475000000000000.0,Road Packed,"3-way match, invoice after GR",vendor_0229,True,NONE
8477,4507032479 1,2018-05-29 23:49:00,Record Service Entry Sheet,475000000000000.0,Road Packed,"3-way match, invoice after GR",vendor_0229,True,NONE
8471,4507032479 1,2018-05-29 23:49:00,Record Service Entry Sheet,475000000000000.0,Road Packed,"3-way match, invoice after GR",vendor_0229,True,NONE
8472,4507032479 1,2018-05-29 23:49:00,Record Service Entry Sheet,475000000000000.0,Road Packed,"3-way match, invoice after GR",vendor_0229,True,NONE
8462,4507032479 1,2018-05-29 23:49:00,Record Service Entry Sheet,475000000000000.0,Road Packed,"3-way match, invoice after GR",vendor_0229,True,NONE
8464,4507032479 1,2018-05-29 23:49:00,Record Service Entry Sheet,475000000000000.0,Road Packed,"3-way match, invoice after GR",vendor_0229,True,NONE
8465,4507032479 1,2018-05-29 23:49:00,Record Service Entry Sheet,475000000000000.0,Road Packed,"3-way match, invoice after GR",vendor_0229,True,NONE
8463,4507032479 1,2018-05-29 23:49:00,Record Service Entry Sheet,475000000000000.0,Road Packed,"3-way match, invoice after GR",vendor_0229,True,NONE
8467,4507032479 1,2018-05-29 23:49:00,Record Service Entry Sheet,475000000000000.0,Road Packed,"3-way match, invoice after GR",vendor_0229,True,NONE
8468,4507032479 1,2018-05-29 23:49:00,Record Service Entry Sheet,475000000000000.0,Road Packed,"3-way match, invoice after GR",vendor_0229,True,NONE
8469,4507032479 1,2018-05-29 23:49:00,Record Service Entry Sheet,475000000000000.0,Road Packed,"3-way match, invoice after GR",vendor_0229,True,NONE
8470,4507032479 1,2018-05-29 23:49:00,Record Service Entry Sheet,475000000000000.0,Road Packed,"3-way match, invoice after GR",vendor_0229,True,NONE
8466,4507032479 1,2018-05-29 23:49:00,Record Service Entry Sheet,475000000000000.0,Road Packed,"3-way match, invoice after GR",vendor_0229,True,NONE
8492,4507032479 1,2018-05-29 23:50:00,Record Service Entry Sheet,475000000000000.0,Road Packed,"3-way match, invoice after GR",vendor_0229,True,NONE
8496,4507032479 1,2018-05-29 23:50:00,Record Service Entry Sheet,475000000000000.0,Road Packed,"3-way match, invoice after GR",vendor_0229,True,NONE
8495,4507032479 1,2018-05-29 23:50:00,Record Service Entry Sheet,475000000000000.0,Road Packed,"3-way match, invoice after GR",vendor_0229,True,NONE
8494,4507032479 1,2018-05-29 23:50:00,Record Service Entry Sheet,475000000000000.0,Road Packed,"3-way match, invoice after GR",vendor_0229,True,NONE
8493,4507032479 1,2018-05-29 23:50:00,Record Service Entry Sheet,475000000000000.0,Road Packed,"3-way match, invoice after GR",vendor_0229,True,NONE
8491,4507032479 1,2018-05-29 23:50:00,Record Service Entry Sheet,475000000000000.0,Road Packed,"3-way match, invoice after GR",vendor_0229,True,NONE
8487,4507032479 1,2018-05-29 23:50:00,Record Service Entry Sheet,475000000000000.0,Road Packed,"3-way match, invoice after GR",vendor_0229,True,NONE
8489,4507032479 1,2018-05-29 23:50:00,Record Service Entry Sheet,475000000000000.0,Road Packed,"3-way match, invoice after GR",vendor_0229,True,NONE
8488,4507032479 1,2018-05-29 23:50:00,Record Service Entry Sheet,475000000000000.0,Road Packed,"3-way match, invoice after GR",vendor_0229,True,NONE
8486,4507032479 1,2018-05-29 23:50:00,Record Goods Receipt,475000000000000.0,Road Packed,"3-way match, invoice after GR",vendor_0229,True,batch_02
8485,4507032479 1,2018-05-29 23:50:00,Record Service Entry Sheet,475000000000000.0,Road Packed,"3-way match, invoice after GR",vendor_0229,True,NONE
8484,4507032479 1,2018-05-29 23:50:00,Record Service Entry Sheet,475000000000000.0,Road Packed,"3-way match, invoice after GR",vendor_0229,True,NONE
8490,4507032479 1,2018-05-29 23:50:00,Record Service Entry Sheet,475000000000000.0,Road Packed,"3-way match, invoice after GR",vendor_0229,True,NONE
8503,4507032479 1,2018-05-29 23:55:00,Record Service Entry Sheet,475000000000000.0,Road Packed,"3-way match, invoice after GR",vendor_0229,True,NONE
8506,4507032479 1,2018-05-29 23:55:00,Record Service Entry Sheet,475000000000000.0,Road Packed,"3-way match, invoice after GR",vendor_0229,True,NONE
8505,4507032479 1,2018-05-29 23:55:00,Record Service Entry Sheet,475000000000000.0,Road Packed,"3-way match, invoice after GR",vendor_0229,True,NONE
8504,4507032479 1,2018-05-29 23:55:00,Record Service Entry Sheet,475000000000000.0,Road Packed,"3-way match, invoice after GR",vendor_0229,True,NONE
8502,4507032479 1,2018-05-29 23:55:00,Record Service Entry Sheet,475000000000000.0,Road Packed,"3-way match, invoice after GR",vendor_0229,True,NONE
8507,4507032479 1,2018-05-29 23:55:00,Record Service Entry Sheet,475000000000000.0,Road Packed,"3-way match, invoice after GR",vendor_0229,True,NONE
8500,4507032479 1,2018-05-29 23:55:00,Record Service Entry Sheet,475000000000000.0,Road Packed,"3-way match, invoice after GR",vendor_0229,True,NONE
8499,4507032479 1,2018-05-29 23:55:00,Record Service Entry Sheet,475000000000000.0,Road Packed,"3-way match, invoice after GR",vendor_0229,True,NONE
8498,4507032479 1,2018-05-29 23:55:00,Record Service Entry Sheet,475000000000000.0,Road Packed,"3-way match, invoice after GR",vendor_0229,True,NONE
8497,4507032479 1,2018-05-29 23:55:00,Record Service Entry Sheet,475000000000000.0,Road Packed,"3-way match, invoice after GR",vendor_0229,True,NONE
8501,4507032479 1,2018-05-29 23:55:00,Record Service Entry Sheet,475000000000000.0,Road Packed,"3-way match, invoice after GR",vendor_0229,True,NONE
8525,4507032479 1,2018-05-29 23:56:00,Record Service Entry Sheet,475000000000000.0,Road Packed,"3-way match, invoice after GR",vendor_0229,True,NONE
8526,4507032479 1,2018-05-29 23:56:00,Record Service Entry Sheet,475000000000000.0,Road Packed,"3-way match, invoice after GR",vendor_0229,True,NONE
8527,4507032479 1,2018-05-29 23:56:00,Record Service Entry Sheet,475000000000000.0,Road Packed,"3-way match, invoice after GR",vendor_0229,True,NONE
8528,4507032479 1,2018-05-29 23:56:00,Record Service Entry Sheet,475000000000000.0,Road Packed,"3-way match, invoice after GR",vendor_0229,True,NONE
8529,4507032479 1,2018-05-29 23:56:00,Record Service Entry Sheet,475000000000000.0,Road Packed,"3-way match, invoice after GR",vendor_0229,True,NONE
8530,4507032479 1,2018-05-29 23:56:00,Record Service Entry Sheet,475000000000000.0,Road Packed,"3-way match, invoice after GR",vendor_0229,True,NONE
8534,4507032479 1,2018-05-29 23:56:00,Record Service Entry Sheet,475000000000000.0,Road Packed,"3-way match, invoice after GR",vendor_0229,True,NONE
8532,4507032479 1,2018-05-29 23:56:00,Record Service Entry Sheet,475000000000000.0,Road Packed,"3-way match, invoice after GR",vendor_0229,True,NONE
8524,4507032479 1,2018-05-29 23:56:00,Record Service Entry Sheet,475000000000000.0,Road Packed,"3-way match, invoice after GR",vendor_0229,True,NONE
8535,4507032479 1,2018-05-29 23:56:00,Record Service Entry Sheet,475000000000000.0,Road Packed,"3-way match, invoice after GR",vendor_0229,True,NONE
8536,4507032479 1,2018-05-29 23:56:00,Record Service Entry Sheet,475000000000000.0,Road Packed,"3-way match, invoice after GR",vendor_0229,True,NONE
8537,4507032479 1,2018-05-29 23:56:00,Record Service Entry Sheet,475000000000000.0,Road Packed,"3-way match, invoice after GR",vendor_0229,True,NONE
8538,4507032479 1,2018-05-29 23:56:00,Record Service Entry Sheet,475000000000000.0,Road Packed,"3-way match, invoice after GR",vendor_0229,True,NONE
8531,4507032479 1,2018-05-29 23:56:00,Record Service Entry Sheet,475000000000000.0,Road Packed,"3-way match, invoice after GR",vendor_0229,True,NONE
8523,4507032479 1,2018-05-29 23:56:00,Record Service Entry Sheet,475000000000000.0,Road Packed,"3-way match, invoice after GR",vendor_0229,True,NONE
8533,4507032479 1,2018-05-29 23:56:00,Record Service Entry Sheet,475000000000000.0,Road Packed,"3-way match, invoice after GR",vendor_0229,True,NONE
8521,4507032479 1,2018-05-29 23:56:00,Record Service Entry Sheet,475000000000000.0,Road Packed,"3-way match, invoice after GR",vendor_0229,True,NONE
8508,4507032479 1,2018-05-29 23:56:00,Record Service Entry Sheet,475000000000000.0,Road Packed,"3-way match, invoice after GR",vendor_0229,True,NONE
8509,4507032479 1,2018-05-29 23:56:00,Record Service Entry Sheet,475000000000000.0,Road Packed,"3-way match, invoice after GR",vendor_0229,True,NONE
8510,4507032479 1,2018-05-29 23:56:00,Record Service Entry Sheet,475000000000000.0,Road Packed,"3-way match, invoice after GR",vendor_0229,True,NONE
8511,4507032479 1,2018-05-29 23:56:00,Record Goods Receipt,475000000000000.0,Road Packed,"3-way match, invoice after GR",vendor_0229,True,batch_02
8513,4507032479 1,2018-05-29 23:56:00,Record Service Entry Sheet,475000000000000.0,Road Packed,"3-way match, invoice after GR",vendor_0229,True,NONE
8514,4507032479 1,2018-05-29 23:56:00,Record Service Entry Sheet,475000000000000.0,Road Packed,"3-way match, invoice after GR",vendor_0229,True,NONE
8512,4507032479 1,2018-05-29 23:56:00,Record Service Entry Sheet,475000000000000.0,Road Packed,"3-way match, invoice after GR",vendor_0229,True,NONE
8516,4507032479 1,2018-05-29 23:56:00,Record Service Entry Sheet,475000000000000.0,Road Packed,"3-way match, invoice after GR",vendor_0229,True,NONE
8517,4507032479 1,2018-05-29 23:56:00,Record Service Entry Sheet,475000000000000.0,Road Packed,"3-way match, invoice after GR",vendor_0229,True,NONE
8518,4507032479 1,2018-05-29 23:56:00,Record Service Entry Sheet,475000000000000.0,Road Packed,"3-way match, invoice after GR",vendor_0229,True,NONE
8519,4507032479 1,2018-05-29 23:56:00,Record Service Entry Sheet,475000000000000.0,Road Packed,"3-way match, invoice after GR",vendor_0229,True,NONE
8520,4507032479 1,2018-05-29 23:56:00,Record Service Entry Sheet,475000000000000.0,Road Packed,"3-way match, invoice after GR",vendor_0229,True,NONE
8515,4507032479 1,2018-05-29 23:56:00,Record Service Entry Sheet,475000000000000.0,Road Packed,"3-way match, invoice after GR",vendor_0229,True,NONE
8522,4507032479 1,2018-05-29 23:56:00,Record Service Entry Sheet,475000000000000.0,Road Packed,"3-way match, invoice after GR",vendor_0229,True,NONE
8551,4507032479 1,2018-05-30 00:05:00,Record Service Entry Sheet,475000000000000.0,Road Packed,"3-way match, invoice after GR",vendor_0229,True,NONE
8546,4507032479 1,2018-05-30 00:05:00,Record Service Entry Sheet,475000000000000.0,Road Packed,"3-way match, invoice after GR",vendor_0229,True,NONE
8550,4507032479 1,2018-05-30 00:05:00,Record Service Entry Sheet,475000000000000.0,Road Packed,"3-way match, invoice after GR",vendor_0229,True,NONE
8549,4507032479 1,2018-05-30 00:05:00,Record Service Entry Sheet,475000000000000.0,Road Packed,"3-way match, invoice after GR",vendor_0229,True,NONE
8548,4507032479 1,2018-05-30 00:05:00,Record Service Entry Sheet,475000000000000.0,Road Packed,"3-way match, invoice after GR",vendor_0229,True,NONE
8547,4507032479 1,2018-05-30 00:05:00,Record Service Entry Sheet,475000000000000.0,Road Packed,"3-way match, invoice after GR",vendor_0229,True,NONE
8544,4507032479 1,2018-05-30 00:05:00,Record Service Entry Sheet,475000000000000.0,Road Packed,"3-way match, invoice after GR",vendor_0229,True,NONE
8543,4507032479 1,2018-05-30 00:05:00,Record Service Entry Sheet,475000000000000.0,Road Packed,"3-way match, invoice after GR",vendor_0229,True,NONE
8542,4507032479 1,2018-05-30 00:05:00,Record Service Entry Sheet,475000000000000.0,Road Packed,"3-way match, invoice after GR",vendor_0229,True,NONE
8541,4507032479 1,2018-05-30 00:05:00,Record Service Entry Sheet,475000000000000.0,Road Packed,"3-way match, invoice after GR",vendor_0229,True,NONE
8540,4507032479 1,2018-05-30 00:05:00,Record Service Entry Sheet,475000000000000.0,Road Packed,"3-way match, invoice after GR",vendor_0229,True,NONE
8539,4507032479 1,2018-05-30 00:05:00,Record Service Entry Sheet,475000000000000.0,Road Packed,"3-way match, invoice after GR",vendor_0229,True,NONE
8545,4507032479 1,2018-05-30 00:05:00,Record Service Entry Sheet,475000000000000.0,Road Packed,"3-way match, invoice after GR",vendor_0229,True,NONE
8567,4507032479 1,2018-05-30 00:06:00,Record Service Entry Sheet,475000000000000.0,Road Packed,"3-way match, invoice after GR",vendor_0229,True,NONE
8568,4507032479 1,2018-05-30 00:06:00,Record Service Entry Sheet,475000000000000.0,Road Packed,"3-way match, invoice after GR",vendor_0229,True,NONE
8569,4507032479 1,2018-05-30 00:06:00,Record Service Entry Sheet,475000000000000.0,Road Packed,"3-way match, invoice after GR",vendor_0229,True,NONE
8570,4507032479 1,2018-05-30 00:06:00,Record Service Entry Sheet,475000000000000.0,Road Packed,"3-way match, invoice after GR",vendor_0229,True,NONE
8571,4507032479 1,2018-05-30 00:06:00,Record Service Entry Sheet,475000000000000.0,Road Packed,"3-way match, invoice after GR",vendor_0229,True,NONE
8574,4507032479 1,2018-05-30 00:06:00,Record Service Entry Sheet,475000000000000.0,Road Packed,"3-way match, invoice after GR",vendor_0229,True,NONE
8573,4507032479 1,2018-05-30 00:06:00,Record Service Entry Sheet,475000000000000.0,Road Packed,"3-way match, invoice after GR",vendor_0229,True,NONE
8575,4507032479 1,2018-05-30 00:06:00,Record Goods Receipt,475000000000000.0,Road Packed,"3-way match, invoice after GR",vendor_0229,True,batch_02
8576,4507032479 1,2018-05-30 00:06:00,Record Service Entry Sheet,475000000000000.0,Road Packed,"3-way match, invoice after GR",vendor_0229,True,NONE
8577,4507032479 1,2018-05-30 00:06:00,Record Service Entry Sheet,475000000000000.0,Road Packed,"3-way match, invoice after GR",vendor_0229,True,NONE
8566,4507032479 1,2018-05-30 00:06:00,Record Service Entry Sheet,475000000000000.0,Road Packed,"3-way match, invoice after GR",vendor_0229,True,NONE
8572,4507032479 1,2018-05-30 00:06:00,Record Service Entry Sheet,475000000000000.0,Road Packed,"3-way match, invoice after GR",vendor_0229,True,NONE
8565,4507032479 1,2018-05-30 00:06:00,Record Service Entry Sheet,475000000000000.0,Road Packed,"3-way match, invoice after GR",vendor_0229,True,NONE
8559,4507032479 1,2018-05-30 00:06:00,Record Service Entry Sheet,475000000000000.0,Road Packed,"3-way match, invoice after GR",vendor_0229,True,NONE
8563,4507032479 1,2018-05-30 00:06:00,Record Service Entry Sheet,475000000000000.0,Road Packed,"3-way match, invoice after GR",vendor_0229,True,NONE
8564,4507032479 1,2018-05-30 00:06:00,Record Service Entry Sheet,475000000000000.0,Road Packed,"3-way match, invoice after GR",vendor_0229,True,NONE
8553,4507032479 1,2018-05-30 00:06:00,Record Service Entry Sheet,475000000000000.0,Road Packed,"3-way match, invoice after GR",vendor_0229,True,NONE
8554,4507032479 1,2018-05-30 00:06:00,Record Service Entry Sheet,475000000000000.0,Road Packed,"3-way match, invoice after GR",vendor_0229,True,NONE
8555,4507032479 1,2018-05-30 00:06:00,Record Service Entry Sheet,475000000000000.0,Road Packed,"3-way match, invoice after GR",vendor_0229,True,NONE
8556,4507032479 1,2018-05-30 00:06:00,Record Service Entry Sheet,475000000000000.0,Road Packed,"3-way match, invoice after GR",vendor_0229,True,NONE
8552,4507032479 1,2018-05-30 00:06:00,Record Service Entry Sheet,475000000000000.0,Road Packed,"3-way match, invoice after GR",vendor_0229,True,NONE
8558,4507032479 1,2018-05-30 00:06:00,Record Service Entry Sheet,475000000000000.0,Road Packed,"3-way match, invoice after GR",vendor_0229,True,NONE
8560,4507032479 1,2018-05-30 00:06:00,Record Service Entry Sheet,475000000000000.0,Road Packed,"3-way match, invoice after GR",vendor_0229,True,NONE
8561,4507032479 1,2018-05-30 00:06:00,Record Service Entry Sheet,475000000000000.0,Road Packed,"3-way match, invoice after GR",vendor_0229,True,NONE
8562,4507032479 1,2018-05-30 00:06:00,Record Service Entry Sheet,475000000000000.0,Road Packed,"3-way match, invoice after GR",vendor_0229,True,NONE
8557,4507032479 1,2018-05-30 00:06:00,Record Service Entry Sheet,475000000000000.0,Road Packed,"3-way match, invoice after GR",vendor_0229,True,NONE
8600,4507032479 1,2018-05-30 00:13:00,Record Service Entry Sheet,475000000000000.0,Road Packed,"3-way match, invoice after GR",vendor_0229,True,NONE
8590,4507032479 1,2018-05-30 00:13:00,Record Service Entry Sheet,475000000000000.0,Road Packed,"3-way match, invoice after GR",vendor_0229,True,NONE
8599,4507032479 1,2018-05-30 00:13:00,Record Service Entry Sheet,475000000000000.0,Road Packed,"3-way match, invoice after GR",vendor_0229,True,NONE
8598,4507032479 1,2018-05-30 00:13:00,Record Service Entry Sheet,475000000000000.0,Road Packed,"3-way match, invoice after GR",vendor_0229,True,NONE
8597,4507032479 1,2018-05-30 00:13:00,Record Service Entry Sheet,475000000000000.0,Road Packed,"3-way match, invoice after GR",vendor_0229,True,NONE
8596,4507032479 1,2018-05-30 00:13:00,Record Service Entry Sheet,475000000000000.0,Road Packed,"3-way match, invoice after GR",vendor_0229,True,NONE
8595,4507032479 1,2018-05-30 00:13:00,Record Service Entry Sheet,475000000000000.0,Road Packed,"3-way match, invoice after GR",vendor_0229,True,NONE
8594,4507032479 1,2018-05-30 00:13:00,Record Service Entry Sheet,475000000000000.0,Road Packed,"3-way match, invoice after GR",vendor_0229,True,NONE
8593,4507032479 1,2018-05-30 00:13:00,Record Service Entry Sheet,475000000000000.0,Road Packed,"3-way match, invoice after GR",vendor_0229,True,NONE
8592,4507032479 1,2018-05-30 00:13:00,Record Service Entry Sheet,475000000000000.0,Road Packed,"3-way match, invoice after GR",vendor_0229,True,NONE
8589,4507032479 1,2018-05-30 00:13:00,Record Goods Receipt,475000000000000.0,Road Packed,"3-way match, invoice after GR",vendor_0229,True,batch_02
8591,4507032479 1,2018-05-30 00:13:00,Record Service Entry Sheet,475000000000000.0,Road Packed,"3-way match, invoice after GR",vendor_0229,True,NONE
8587,4507032479 1,2018-05-30 00:13:00,Record Service Entry Sheet,475000000000000.0,Road Packed,"3-way match, invoice after GR",vendor_0229,True,NONE
8588,4507032479 1,2018-05-30 00:13:00,Record Service Entry Sheet,475000000000000.0,Road Packed,"3-way match, invoice after GR",vendor_0229,True,NONE
8578,4507032479 1,2018-05-30 00:13:00,Record Service Entry Sheet,475000000000000.0,Road Packed,"3-way match, invoice after GR",vendor_0229,True,NONE
8580,4507032479 1,2018-05-30 00:13:00,Record Service Entry Sheet,475000000000000.0,Road Packed,"3-way match, invoice after GR",vendor_0229,True,NONE
8581,4507032479 1,2018-05-30 00:13:00,Record Service Entry Sheet,475000000000000.0,Road Packed,"3-way match, invoice after GR",vendor_0229,True,NONE
8579,4507032479 1,2018-05-30 00:13:00,Record Service Entry Sheet,475000000000000.0,Road Packed,"3-way match, invoice after GR",vendor_0229,True,NONE
8583,4507032479 1,2018-05-30 00:13:00,Record Service Entry Sheet,475000000000000.0,Road Packed,"3-way match, invoice after GR",vendor_0229,True,NONE
8584,4507032479 1,2018-05-30 00:13:00,Record Service Entry Sheet,475000000000000.0,Road Packed,"3-way match, invoice after GR",vendor_0229,True,NONE
8585,4507032479 1,2018-05-30 00:13:00,Record Service Entry Sheet,475000000000000.0,Road Packed,"3-way match, invoice after GR",vendor_0229,True,NONE
8586,4507032479 1,2018-05-30 00:13:00,Record Service Entry Sheet,475000000000000.0,Road Packed,"3-way match, invoice after GR",vendor_0229,True,NONE
8582,4507032479 1,2018-05-30 00:13:00,Record Service Entry Sheet,475000000000000.0,Road Packed,"3-way match, invoice after GR",vendor_0229,True,NONE
8624,4507032479 1,2018-05-30 00:20:00,Record Service Entry Sheet,475000000000000.0,Road Packed,"3-way match, invoice after GR",vendor_0229,True,NONE
8619,4507032479 1,2018-05-30 00:20:00,Record Service Entry Sheet,475000000000000.0,Road Packed,"3-way match, invoice after GR",vendor_0229,True,NONE
8620,4507032479 1,2018-05-30 00:20:00,Record Service Entry Sheet,475000000000000.0,Road Packed,"3-way match, invoice after GR",vendor_0229,True,NONE
8621,4507032479 1,2018-05-30 00:20:00,Record Service Entry Sheet,475000000000000.0,Road Packed,"3-way match, invoice after GR",vendor_0229,True,NONE
8622,4507032479 1,2018-05-30 00:20:00,Record Service Entry Sheet,475000000000000.0,Road Packed,"3-way match, invoice after GR",vendor_0229,True,NONE
8623,4507032479 1,2018-05-30 00:20:00,Record Service Entry Sheet,475000000000000.0,Road Packed,"3-way match, invoice after GR",vendor_0229,True,NONE
8625,4507032479 1,2018-05-30 00:20:00,Record Service Entry Sheet,475000000000000.0,Road Packed,"3-way match, invoice after GR",vendor_0229,True,NONE
8630,4507032479 1,2018-05-30 00:20:00,Record Service Entry Sheet,475000000000000.0,Road Packed,"3-way match, invoice after GR",vendor_0229,True,NONE
8627,4507032479 1,2018-05-30 00:20:00,Record Service Entry Sheet,475000000000000.0,Road Packed,"3-way match, invoice after GR",vendor_0229,True,NONE
8628,4507032479 1,2018-05-30 00:20:00,Record Service Entry Sheet,475000000000000.0,Road Packed,"3-way match, invoice after GR",vendor_0229,True,NONE
8629,4507032479 1,2018-05-30 00:20:00,Record Service Entry Sheet,475000000000000.0,Road Packed,"3-way match, invoice after GR",vendor_0229,True,NONE
8632,4507032479 1,2018-05-30 00:20:00,Record Service Entry Sheet,475000000000000.0,Road Packed,"3-way match, invoice after GR",vendor_0229,True,NONE
8631,4507032479 1,2018-05-30 00:20:00,Record Service Entry Sheet,475000000000000.0,Road Packed,"3-way match, invoice after GR",vendor_0229,True,NONE
8618,4507032479 1,2018-05-30 00:20:00,Record Service Entry Sheet,475000000000000.0,Road Packed,"3-way match, invoice after GR",vendor_0229,True,NONE
8626,4507032479 1,2018-05-30 00:20:00,Record Service Entry Sheet,475000000000000.0,Road Packed,"3-way match, invoice after GR",vendor_0229,True,NONE
8617,4507032479 1,2018-05-30 00:20:00,Record Service Entry Sheet,475000000000000.0,Road Packed,"3-way match, invoice after GR",vendor_0229,True,NONE
8602,4507032479 1,2018-05-30 00:20:00,Record Service Entry Sheet,475000000000000.0,Road Packed,"3-way match, invoice after GR",vendor_0229,True,NONE
8615,4507032479 1,2018-05-30 00:20:00,Record Service Entry Sheet,475000000000000.0,Road Packed,"3-way match, invoice after GR",vendor_0229,True,NONE
8616,4507032479 1,2018-05-30 00:20:00,Record Service Entry Sheet,475000000000000.0,Road Packed,"3-way match, invoice after GR",vendor_0229,True,NONE
8603,4507032479 1,2018-05-30 00:20:00,Record Service Entry Sheet,475000000000000.0,Road Packed,"3-way match, invoice after GR",vendor_0229,True,NONE
8604,4507032479 1,2018-05-30 00:20:00,Record Service Entry Sheet,475000000000000.0,Road Packed,"3-way match, invoice after GR",vendor_0229,True,NONE
8605,4507032479 1,2018-05-30 00:20:00,Record Service Entry Sheet,475000000000000.0,Road Packed,"3-way match, invoice after GR",vendor_0229,True,NONE
8606,4507032479 1,2018-05-30 00:20:00,Record Service Entry Sheet,475000000000000.0,Road Packed,"3-way match, invoice after GR",vendor_0229,True,NONE
8607,4507032479 1,2018-05-30 00:20:00,Record Service Entry Sheet,475000000000000.0,Road Packed,"3-way match, invoice after GR",vendor_0229,True,NONE
8601,4507032479 1,2018-05-30 00:20:00,Record Service Entry Sheet,475000000000000.0,Road Packed,"3-way match, invoice after GR",vendor_0229,True,NONE
8609,4507032479 1,2018-05-30 00:20:00,Record Service Entry Sheet,475000000000000.0,Road Packed,"3-way match, invoice after GR",vendor_0229,True,NONE
8610,4507032479 1,2018-05-30 00:20:00,Record Service Entry Sheet,475000000000000.0,Road Packed,"3-way match, invoice after GR",vendor_0229,True,NONE
8611,4507032479 1,2018-05-30 00:20:00,Record Service Entry Sheet,475000000000000.0,Road Packed,"3-way match, invoice after GR",vendor_0229,True,NONE
8612,4507032479 1,2018-05-30 00:20:00,Record Service Entry Sheet,475000000000000.0,Road Packed,"3-way match, invoice after GR",vendor_0229,True,NONE
8613,4507032479 1,2018-05-30 00:20:00,Record Service Entry Sheet,475000000000000.0,Road Packed,"3-way match, invoice after GR",vendor_0229,True,NONE
8614,4507032479 1,2018-05-30 00:20:00,Record Service Entry Sheet,475000000000000.0,Road Packed,"3-way match, invoice after GR",vendor_0229,True,NONE
8608,4507032479 1,2018-05-30 00:20:00,Record Service Entry Sheet,475000000000000.0,Road Packed,"3-way match, invoice after GR",vendor_0229,True,NONE
8649,4507032479 1,2018-05-30 00:21:00,Record Service Entry Sheet,475000000000000.0,Road Packed,"3-way match, invoice after GR",vendor_0229,True,NONE
8650,4507032479 1,2018-05-30 00:21:00,Record Service Entry Sheet,475000000000000.0,Road Packed,"3-way match, invoice after GR",vendor_0229,True,NONE
8651,4507032479 1,2018-05-30 00:21:00,Record Service Entry Sheet,475000000000000.0,Road Packed,"3-way match, invoice after GR",vendor_0229,True,NONE
8652,4507032479 1,2018-05-30 00:21:00,Record Service Entry Sheet,475000000000000.0,Road Packed,"3-way match, invoice after GR",vendor_0229,True,NONE
8653,4507032479 1,2018-05-30 00:21:00,Record Service Entry Sheet,475000000000000.0,Road Packed,"3-way match, invoice after GR",vendor_0229,True,NONE
8657,4507032479 1,2018-05-30 00:21:00,Record Service Entry Sheet,475000000000000.0,Road Packed,"3-way match, invoice after GR",vendor_0229,True,NONE
8655,4507032479 1,2018-05-30 00:21:00,Record Service Entry Sheet,475000000000000.0,Road Packed,"3-way match, invoice after GR",vendor_0229,True,NONE
8656,4507032479 1,2018-05-30 00:21:00,Record Service Entry Sheet,475000000000000.0,Road Packed,"3-way match, invoice after GR",vendor_0229,True,NONE
8658,4507032479 1,2018-05-30 00:21:00,Record Service Entry Sheet,475000000000000.0,Road Packed,"3-way match, invoice after GR",vendor_0229,True,NONE
8659,4507032479 1,2018-05-30 00:21:00,Record Service Entry Sheet,475000000000000.0,Road Packed,"3-way match, invoice after GR",vendor_0229,True,NONE
8648,4507032479 1,2018-05-30 00:21:00,Record Service Entry Sheet,475000000000000.0,Road Packed,"3-way match, invoice after GR",vendor_0229,True,NONE
8654,4507032479 1,2018-05-30 00:21:00,Record Service Entry Sheet,475000000000000.0,Road Packed,"3-way match, invoice after GR",vendor_0229,True,NONE
8647,4507032479 1,2018-05-30 00:21:00,Record Service Entry Sheet,475000000000000.0,Road Packed,"3-way match, invoice after GR",vendor_0229,True,NONE
8641,4507032479 1,2018-05-30 00:21:00,Record Service Entry Sheet,475000000000000.0,Road Packed,"3-way match, invoice after GR",vendor_0229,True,NONE
8645,4507032479 1,2018-05-30 00:21:00,Record Service Entry Sheet,475000000000000.0,Road Packed,"3-way match, invoice after GR",vendor_0229,True,NONE
8633,4507032479 1,2018-05-30 00:21:00,Record Service Entry Sheet,475000000000000.0,Road Packed,"3-way match, invoice after GR",vendor_0229,True,NONE
8634,4507032479 1,2018-05-30 00:21:00,Record Service Entry Sheet,475000000000000.0,Road Packed,"3-way match, invoice after GR",vendor_0229,True,NONE
8635,4507032479 1,2018-05-30 00:21:00,Record Service Entry Sheet,475000000000000.0,Road Packed,"3-way match, invoice after GR",vendor_0229,True,NONE
8636,4507032479 1,2018-05-30 00:21:00,Record Service Entry Sheet,475000000000000.0,Road Packed,"3-way match, invoice after GR",vendor_0229,True,NONE
8646,4507032479 1,2018-05-30 00:21:00,Record Service Entry Sheet,475000000000000.0,Road Packed,"3-way match, invoice after GR",vendor_0229,True,NONE
8638,4507032479 1,2018-05-30 00:21:00,Record Service Entry Sheet,475000000000000.0,Road Packed,"3-way match, invoice after GR",vendor_0229,True,NONE
8637,4507032479 1,2018-05-30 00:21:00,Record Service Entry Sheet,475000000000000.0,Road Packed,"3-way match, invoice after GR",vendor_0229,True,NONE
8640,4507032479 1,2018-05-30 00:21:00,Record Service Entry Sheet,475000000000000.0,Road Packed,"3-way match, invoice after GR",vendor_0229,True,NONE
8642,4507032479 1,2018-05-30 00:21:00,Record Service Entry Sheet,475000000000000.0,Road Packed,"3-way match, invoice after GR",vendor_0229,True,NONE
8643,4507032479 1,2018-05-30 00:21:00,Record Service Entry Sheet,475000000000000.0,Road Packed,"3-way match, invoice after GR",vendor_0229,True,NONE
8644,4507032479 1,2018-05-30 00:21:00,Record Goods Receipt,475000000000000.0,Road Packed,"3-way match, invoice after GR",vendor_0229,True,batch_02
8639,4507032479 1,2018-05-30 00:21:00,Record Service Entry Sheet,475000000000000.0,Road Packed,"3-way match, invoice after GR",vendor_0229,True,NONE
8666,4507032479 1,2018-05-30 00:39:00,Record Service Entry Sheet,475000000000000.0,Road Packed,"3-way match, invoice after GR",vendor_0229,True,NONE
8669,4507032479 1,2018-05-30 00:39:00,Record Service Entry Sheet,475000000000000.0,Road Packed,"3-way match, invoice after GR",vendor_0229,True,NONE
8668,4507032479 1,2018-05-30 00:39:00,Record Service Entry Sheet,475000000000000.0,Road Packed,"3-way match, invoice after GR",vendor_0229,True,NONE
8667,4507032479 1,2018-05-30 00:39:00,Record Service Entry Sheet,475000000000000.0,Road Packed,"3-way match, invoice after GR",vendor_0229,True,NONE
8665,4507032479 1,2018-05-30 00:39:00,Record Service Entry Sheet,475000000000000.0,Road Packed,"3-way match, invoice after GR",vendor_0229,True,NONE
8660,4507032479 1,2018-05-30 00:39:00,Record Service Entry Sheet,475000000000000.0,Road Packed,"3-way match, invoice after GR",vendor_0229,True,NONE
8663,4507032479 1,2018-05-30 00:39:00,Record Service Entry Sheet,475000000000000.0,Road Packed,"3-way match, invoice after GR",vendor_0229,True,NONE
8661,4507032479 1,2018-05-30 00:39:00,Record Service Entry Sheet,475000000000000.0,Road Packed,"3-way match, invoice after GR",vendor_0229,True,NONE
8664,4507032479 1,2018-05-30 00:39:00,Record Service Entry Sheet,475000000000000.0,Road Packed,"3-way match, invoice after GR",vendor_0229,True,NONE
8662,4507032479 1,2018-05-30 00:39:00,Record Service Entry Sheet,475000000000000.0,Road Packed,"3-way match, invoice after GR",vendor_0229,True,NONE
8700,4507032479 1,2018-05-30 00:40:00,Record Service Entry Sheet,475000000000000.0,Road Packed,"3-way match, invoice after GR",vendor_0229,True,NONE
8699,4507032479 1,2018-05-30 00:40:00,Record Service Entry Sheet,475000000000000.0,Road Packed,"3-way match, invoice after GR",vendor_0229,True,NONE
8698,4507032479 1,2018-05-30 00:40:00,Record Service Entry Sheet,475000000000000.0,Road Packed,"3-way match, invoice after GR",vendor_0229,True,NONE
8697,4507032479 1,2018-05-30 00:40:00,Record Service Entry Sheet,475000000000000.0,Road Packed,"3-way match, invoice after GR",vendor_0229,True,NONE
8696,4507032479 1,2018-05-30 00:40:00,Record Service Entry Sheet,475000000000000.0,Road Packed,"3-way match, invoice after GR",vendor_0229,True,NONE
8695,4507032479 1,2018-05-30 00:40:00,Record Service Entry Sheet,475000000000000.0,Road Packed,"3-way match, invoice after GR",vendor_0229,True,NONE
8686,4507032479 1,2018-05-30 00:40:00,Record Service Entry Sheet,475000000000000.0,Road Packed,"3-way match, invoice after GR",vendor_0229,True,NONE
8693,4507032479 1,2018-05-30 00:40:00,Record Service Entry Sheet,475000000000000.0,Road Packed,"3-way match, invoice after GR",vendor_0229,True,NONE
8692,4507032479 1,2018-05-30 00:40:00,Record Service Entry Sheet,475000000000000.0,Road Packed,"3-way match, invoice after GR",vendor_0229,True,NONE
8691,4507032479 1,2018-05-30 00:40:00,Record Service Entry Sheet,475000000000000.0,Road Packed,"3-way match, invoice after GR",vendor_0229,True,NONE
8690,4507032479 1,2018-05-30 00:40:00,Record Service Entry Sheet,475000000000000.0,Road Packed,"3-way match, invoice after GR",vendor_0229,True,NONE
8689,4507032479 1,2018-05-30 00:40:00,Record Service Entry Sheet,475000000000000.0,Road Packed,"3-way match, invoice after GR",vendor_0229,True,NONE
8688,4507032479 1,2018-05-30 00:40:00,Record Service Entry Sheet,475000000000000.0,Road Packed,"3-way match, invoice after GR",vendor_0229,True,NONE
8687,4507032479 1,2018-05-30 00:40:00,Record Service Entry Sheet,475000000000000.0,Road Packed,"3-way match, invoice after GR",vendor_0229,True,NONE
8694,4507032479 1,2018-05-30 00:40:00,Record Service Entry Sheet,475000000000000.0,Road Packed,"3-way match, invoice after GR",vendor_0229,True,NONE
8684,4507032479 1,2018-05-30 00:40:00,Record Service Entry Sheet,475000000000000.0,Road Packed,"3-way match, invoice after GR",vendor_0229,True,NONE
8683,4507032479 1,2018-05-30 00:40:00,Record Service Entry Sheet,475000000000000.0,Road Packed,"3-way match, invoice after GR",vendor_0229,True,NONE
8701,4507032479 1,2018-05-30 00:40:00,Record Service Entry Sheet,475000000000000.0,Road Packed,"3-way match, invoice after GR",vendor_0229,True,NONE
8670,4507032479 1,2018-05-30 00:40:00,Record Service Entry Sheet,475000000000000.0,Road Packed,"3-way match, invoice after GR",vendor_0229,True,NONE
8671,4507032479 1,2018-05-30 00:40:00,Record Service Entry Sheet,475000000000000.0,Road Packed,"3-way match, invoice after GR",vendor_0229,True,NONE
8672,4507032479 1,2018-05-30 00:40:00,Record Service Entry Sheet,475000000000000.0,Road Packed,"3-way match, invoice after GR",vendor_0229,True,NONE
8673,4507032479 1,2018-05-30 00:40:00,Record Service Entry Sheet,475000000000000.0,Road Packed,"3-way match, invoice after GR",vendor_0229,True,NONE
8674,4507032479 1,2018-05-30 00:40:00,Record Service Entry Sheet,475000000000000.0,Road Packed,"3-way match, invoice after GR",vendor_0229,True,NONE
8685,4507032479 1,2018-05-30 00:40:00,Record Service Entry Sheet,475000000000000.0,Road Packed,"3-way match, invoice after GR",vendor_0229,True,NONE
8675,4507032479 1,2018-05-30 00:40:00,Record Service Entry Sheet,475000000000000.0,Road Packed,"3-way match, invoice after GR",vendor_0229,True,NONE
8677,4507032479 1,2018-05-30 00:40:00,Record Service Entry Sheet,475000000000000.0,Road Packed,"3-way match, invoice after GR",vendor_0229,True,NONE
8678,4507032479 1,2018-05-30 00:40:00,Record Service Entry Sheet,475000000000000.0,Road Packed,"3-way match, invoice after GR",vendor_0229,True,NONE
8679,4507032479 1,2018-05-30 00:40:00,Record Service Entry Sheet,475000000000000.0,Road Packed,"3-way match, invoice after GR",vendor_0229,True,NONE
8680,4507032479 1,2018-05-30 00:40:00,Record Service Entry Sheet,475000000000000.0,Road Packed,"3-way match, invoice after GR",vendor_0229,True,NONE
8681,4507032479 1,2018-05-30 00:40:00,Record Service Entry Sheet,475000000000000.0,Road Packed,"3-way match, invoice after GR",vendor_0229,True,NONE
8682,4507032479 1,2018-05-30 00:40:00,Record Service Entry Sheet,475000000000000.0,Road Packed,"3-way match, invoice after GR",vendor_0229,True,NONE
8676,4507032479 1,2018-05-30 00:40:00,Record Service Entry Sheet,475000000000000.0,Road Packed,"3-way match, invoice after GR",vendor_0229,True,NONE
8702,4507032479 1,2018-05-30 00:40:00,Record Goods Receipt,475000000000000.0,Road Packed,"3-way match, invoice after GR",vendor_0229,True,batch_02
